A,B,C,D,E,F,G,H
50,150,46,184,94,87,2835261,4694
22,66,375,1500,50,73,1506819,37550
9,27,698,2792,96,69,2882907,69896
81,243,470,1880,62,83,1884549,47062
92,276,631,2524,1,16,57648,63101
22,66,112,448,12,66,366798,11212
9,27,960,3840,28,79,842937,96028
80,240,806,3224,72,95,2184285,80672
76,228,612,2448,84,15,2542845,61284
2,6,341,1364,78,95,2340885,34178
15,45,933,3732,50,71,1504713,93350
7,21,122,488,29,79,872337,12229
15,45,162,648,6,36,184608,16206
86,258,827,3308,26,10,805830,82726
93,279,179,716,55,45,1678035,17955
69,207,881,3524,93,18,2810754,88193
43,129,938,3752,42,16,1272948,93842
81,243,942,3768,73,33,2214399,94273
66,198,966,3864,97,92,2930076,96697
4,12,715,2860,36,54,1081362,71536
14,42,847,3388,14,82,424446,84714
34,102,824,3296,93,63,2800389,82493
87,261,485,1940,41,73,1256319,48541
65,195,143,572,44,41,1339623,14344
44,132,924,3696,39,48,1183344,92439
41,123,318,1272,32,84,972552,31832
55,165,665,2660,45,44,1366632,66545
23,69,243,972,71,22,2136966,24371
46,138,534,2136,51,70,1544010,53451
79,237,948,3792,59,54,1793862,94859
24,72,100,400,35,94,1057482,10035
80,240,565,2260,42,48,1284144,56542
49,147,277,1108,54,32,1634796,27754
65,195,17,68,56,61,1699683,1756
61,183,163,652,1,85,48555,16301
48,144,225,900,4,14,134442,22504
56,168,330,1320,63,84,1907052,33063
84,252,892,3568,73,68,2215404,89273
40,120,15,60,31,47,942141,1531
16,48,675,2700,67,80,2015040,67567
9,27,260,1040,1,69,32907,26001
82,246,264,1056,75,84,2274852,26475
58,174,592,2368,33,2,1007406,59233
53,159,887,3548,55,39,1666017,88755
60,180,258,1032,9,89,288267,25809
52,156,710,2840,87,5,2625615,71087
14,42,692,2768,6,38,184314,69206
13,39,278,1112,12,83,364149,27812
7,21,624,2496,65,61,1952283,62465
20,60,401,1604,90,35,2706105,40190
99,297,511,2044,30,64,929892,51130
34,102,579,2316,79,24,2380272,57979
72,216,84,336,36,40,1101720,8436
3,9,559,2236,87,58,2611074,55987
13,39,851,3404,58,90,1744170,85158
93,279,814,3256,19,89,598167,81419
96,288,633,2532,67,22,2038866,63367
84,252,574,2296,78,66,2365398,57478
0,0,970,3880,83,27,2490081,97083
43,129,527,2108,53,34,1603002,52753
59,177,767,3068,53,41,1607823,76753
77,231,100,400,85,4,2573112,10085
3,9,970,3880,23,0,690900,97023
71,213,343,1372,6,91,201573,34306
35,105,113,452,84,11,2530533,11384
44,132,275,1100,16,50,493350,27516
81,243,921,3684,20,83,624549,92120
25,75,371,1484,73,62,2197686,37173
59,177,943,3772,16,85,497955,94316
40,120,971,3884,27,62,822186,97127
64,192,194,776,58,52,1759356,19458
26,78,98,392,60,13,1807839,9860
4,12,892,3568,71,16,2131248,89271
15,45,82,328,77,84,2314752,8277
39,117,79,316,23,18,701754,7923
76,228,105,420,82,48,2482944,10582
84,252,35,140,46,75,1405425,3546
79,237,841,3364,5,9,173727,84105
32,96,486,1944,71,51,2139753,48671
83,249,659,2636,38,70,1165110,65938
31,93,126,504,96,45,2889435,12696
75,225,856,3424,86,57,2602671,85686
58,174,825,3300,85,55,2567565,82585
99,297,806,3224,27,24,839772,80627
98,294,232,928,87,51,2639553,23287
13,39,4,16,41,44,1234032,441
25,75,41,164,96,40,2887620,4196
53,159,627,2508,58,34,1756002,62758
89,267,548,2192,48,88,1466964,54848
21,63,583,2332,53,49,1596447,58353
14,42,123,492,51,6,1534218,12351
19,57,541,2164,67,93,2015979,54167
31,93,253,1012,58,3,1749309,25358
15,45,536,2144,11,20,334560,53611
37,111,855,3420,97,26,2921178,85597
41,123,525,2100,10,97,312591,52510
73,219,896,3584,25,13,771939,89625
15,45,620,2480,7,62,214686,62007
79,237,453,1812,85,72,2573916,45385
73,219,981,3924,59,64,1792092,98159
77,231,983,3932,89,61,2693283,98389
46,138,709,2836,39,30,1183890,70939
16,48,329,1316,13,74,395022,32913
7,21,203,812,44,11,1322133,20344
23,69,215,860,37,48,1117044,21537
97,291,497,1988,81,69,2459307,49781
47,141,608,2432,58,82,1754346,60858
34,102,800,3200,80,24,2410272,80080
77,231,500,2000,44,57,1343271,50044
14,42,333,1332,22,66,664398,33322
29,87,267,1068,52,43,1568829,26752
26,78,625,2500,4,16,127848,62504
12,36,12,48,21,67,633801,1221
21,63,354,1416,20,6,606318,35420
56,168,132,528,88,59,2656977,13288
47,141,412,1648,95,30,2864190,41295
96,288,834,3336,66,12,2008836,83466
45,135,136,544,12,98,373794,13612
90,270,135,540,81,32,2457096,13581
1,3,462,1848,33,43,990429,46233
11,33,748,2992,83,71,2493513,74883
42,126,706,2824,19,83,582849,70619
59,177,3,12,15,13,467739,315
7,21,868,3472,13,8,392124,86813
37,111,415,1660,48,98,1451394,41548
74,222,834,3336,28,25,862275,83428
40,120,90,360,89,35,2682105,9089
10,30,80,320,73,65,2193195,8073
7,21,954,3816,53,54,1592262,95453
16,48,373,1492,11,27,334881,37311
18,54,261,1044,65,31,1955493,26165
58,174,782,3128,93,36,2807508,78293
80,240,865,3460,52,34,1584102,86552
77,231,625,2500,26,82,803346,62526
98,294,588,2352,65,50,1979550,58865
28,84,87,348,88,54,2648562,8788
3,9,147,588,5,16,150948,14705
61,183,294,1176,48,29,1458387,29448
35,105,652,2608,38,30,1150590,65238
35,105,117,468,87,32,2620596,11787
36,108,566,2264,64,14,1930842,56664
48,144,458,1832,58,76,1754628,45858
64,192,842,3368,17,91,529473,84217
36,108,975,3900,39,88,1181064,97539
91,273,833,3332,49,61,1497483,83349
80,240,185,740,5,36,174108,18505
48,144,680,2720,50,75,1514625,68050
90,270,534,2136,80,65,2427195,53480
76,228,338,1352,13,67,413001,33813
88,264,555,2220,77,54,2336562,55577
65,195,693,2772,85,61,2569683,69385
28,84,400,1600,17,81,518643,40017
34,102,226,904,20,19,610257,22620
3,9,383,1532,84,22,2520966,38384
42,126,442,1768,55,84,1662852,44255
11,33,213,852,92,2,2763306,21392
89,267,582,2328,46,4,1406712,58246
41,123,728,2912,35,62,1062486,72835
84,252,723,2892,28,51,865353,72328
47,141,175,700,68,0,2054100,17568
41,123,296,1184,89,78,2682534,29689
30,90,631,2524,53,84,1599252,63153
90,270,107,428,10,8,327024,10710
68,204,87,348,50,9,1520427,8750
25,75,302,1208,39,33,1177599,30239
23,69,169,676,49,81,1477143,16949
64,192,83,332,86,66,2599398,8386
38,114,349,1396,47,25,1421475,34947
55,165,521,2084,98,70,2956710,52198
58,174,801,3204,24,22,737466,80124
24,72,708,2832,45,99,1357497,70845
75,225,551,2204,35,87,1072761,55135
69,207,672,2688,60,67,1820901,67260
16,48,488,1952,56,99,1685097,48856
37,111,195,780,81,58,2441274,19581
62,186,549,2196,6,91,198873,54906
74,222,126,504,41,81,1252443,12641
58,174,483,1932,47,2,1427406,48347
92,276,277,1108,87,68,2637804,27787
56,168,427,1708,60,2,1816806,42760
37,111,26,104,32,4,971112,2632
68,204,325,1300,87,73,2630619,32587
34,102,612,2448,99,8,2980224,61299
74,222,792,3168,15,44,472332,79215
26,78,957,3828,89,76,2678028,95789
9,27,830,3320,35,0,1052700,83035
39,117,600,2400,56,92,1691976,60056
22,66,398,1592,44,48,1326744,39844
6,18,378,1512,64,86,1922058,37864
18,54,187,748,71,5,2135415,18771
82,246,442,1768,66,46,2004738,44266
30,90,19,76,24,69,729207,1924
50,150,450,1800,60,89,1815267,45060
17,51,264,1056,63,9,1895127,26463
37,111,309,1236,58,92,1751376,30958
25,75,94,376,46,63,1387689,9446
41,123,605,2420,23,37,702411,60523
33,99,251,1004,1,14,39942,25101
81,243,798,3192,89,32,2694396,79889
81,243,557,2228,29,69,894507,55729
69,207,688,2752,74,80,2240940,68874
78,234,425,1700,68,82,2063646,42568
72,216,295,1180,44,96,1341888,29544
58,174,486,1944,50,85,1517655,48650
23,69,859,3436,76,52,2287056,85976
24,72,14,56,7,47,217341,1407
27,81,950,3800,78,28,2348184,95078
66,198,620,2480,99,57,2989971,62099
31,93,106,424,42,16,1269348,10642
95,285,696,2784,30,72,928716,69630
91,273,451,1804,77,12,2337336,45177
9,27,468,1872,19,96,572988,46819
59,177,471,1884,67,55,2027865,47167
44,132,901,3604,19,39,583317,90119
37,111,962,3848,13,39,401217,96213
70,210,959,3836,87,95,2631285,95987
5,15,366,1464,21,81,631743,36621
7,21,574,2296,49,51,1472253,57449
90,270,358,1432,63,12,1917036,35863
82,246,833,3332,55,2,1674606,83355
54,162,258,1032,74,16,2236248,25874
23,69,803,3212,26,77,787131,80326
43,129,39,156,99,49,2983047,3999
24,72,19,76,23,37,697311,1923
19,57,87,348,71,90,2135970,8771
64,192,760,3040,89,54,2689362,76089
86,258,909,3636,25,70,776010,90925
83,249,357,1428,41,64,1255092,35741
49,147,919,3676,97,68,2924904,91997
12,36,408,1632,67,63,2013789,40867
8,24,125,500,88,8,2642424,12588
47,141,552,2208,22,97,674391,55222
54,162,681,2724,15,19,466257,68115
60,180,584,2336,75,51,2268153,58475
92,276,188,752,8,65,267795,18808
17,51,427,1708,49,8,1475124,42749
93,279,302,1208,70,13,2127939,30270
37,111,398,1592,77,29,2321187,39877
5,15,371,1484,19,5,571515,37119
16,48,267,1068,20,17,604851,26720
75,225,438,1752,38,78,1162734,43838
90,270,282,1128,60,82,1827246,28260
1,3,58,232,34,10,1020330,5834
41,123,151,604,64,20,1932360,15164
49,147,620,2480,51,63,1544889,62051
75,225,205,820,47,93,1432779,20547
28,84,456,1824,9,45,278535,45609
23,69,492,1968,54,94,1627182,49254
11,33,93,372,26,67,783501,9326
85,255,993,3972,91,57,2755671,99391
12,36,154,616,30,89,903867,15430
76,228,349,1396,75,99,2273097,34975
16,48,279,1116,70,77,2105031,27970
29,87,400,1600,95,98,2858994,40095
95,285,18,72,20,3,628509,1820
22,66,855,3420,32,4,966612,85532
67,201,631,2524,51,6,1550118,63151
14,42,385,1540,86,47,2584341,38586
8,24,274,1096,15,66,452598,27415
1,3,780,3120,92,53,2760459,78092
12,36,220,880,10,24,303672,22010
16,48,407,1628,88,27,2644881,40788
11,33,633,2532,39,9,1173327,63339
44,132,677,2708,19,54,583362,67719
41,123,979,3916,29,50,882450,97929
61,183,772,3088,51,79,1548537,77251
47,141,493,1972,23,19,704157,49323
15,45,229,916,42,50,1264650,22942
97,291,170,680,68,5,2069115,17068
56,168,158,632,82,39,2476917,15882
17,51,666,2664,5,78,155334,66605
13,39,2,8,47,72,1414116,247
93,279,769,3076,27,79,838137,76927
87,261,544,2176,23,80,716340,54423
55,165,443,1772,22,42,676626,44322
77,231,326,1304,20,58,623274,32620
28,84,246,984,10,17,308451,24610
21,63,547,2188,97,65,2916495,54797
93,279,982,3928,43,63,1318089,98243
25,75,183,732,6,2,187506,18306
56,168,761,3044,40,99,1217097,76140
51,153,469,1876,10,1,315303,46910
80,240,453,1812,43,38,1314114,45343
2,6,595,2380,99,27,2970681,59599
3,9,328,1312,7,67,211101,32807
55,165,658,2632,15,8,466524,65815
64,192,987,3948,70,13,2119239,98770
46,138,175,700,19,1,583803,17519
85,255,956,3824,34,98,1045794,95634
61,183,177,708,25,52,768456,17725
31,93,260,1040,64,9,1929327,26064
23,69,922,3688,90,97,2707191,92290
96,288,315,1260,34,50,1048950,31534
36,108,178,712,72,70,2171010,17872
24,72,224,896,45,67,1357401,22445
32,96,476,1904,46,51,1389753,47646
21,63,815,3260,80,35,2406405,81580
29,87,798,3192,15,85,458955,79815
52,156,265,1060,26,41,795723,26526
13,39,100,400,86,55,2584065,10086
44,132,303,1212,4,65,133395,30304
32,96,207,828,12,99,369897,20712
76,228,611,2444,59,58,1792974,61159
56,168,610,2440,37,49,1126947,61037
28,84,732,2928,32,86,968658,73232
92,276,329,1316,94,18,2847654,32994
63,189,972,3888,46,53,1399059,97246
22,66,729,2916,58,13,1746639,72958
76,228,728,2912,57,85,1733055,72857
12,36,472,1888,43,45,1293735,47243
8,24,533,2132,19,23,572469,53319
51,153,632,2528,73,79,2205537,63273
8,24,675,2700,49,31,1472493,67549
83,249,931,3724,94,43,2845029,93194
42,126,976,3904,23,11,702633,97623
71,213,106,424,90,88,2721564,10690
19,57,358,1432,5,24,155772,35805
40,120,256,1024,75,75,2262225,25675
62,186,962,3848,55,94,1668882,96255
81,243,132,528,60,56,1824468,13260
71,213,915,3660,32,11,981333,91532
47,141,793,3172,62,45,1874235,79362
73,219,747,2988,64,98,1942194,74764
9,27,463,1852,30,33,902799,46330
23,69,380,1520,79,2,2376906,38079
70,210,807,3228,31,72,951216,80731
69,207,748,2992,30,70,920910,74830
48,144,998,3992,6,29,194487,99806
44,132,100,400,57,92,1723476,10057
66,198,14,56,73,69,2210007,1473
33,99,888,3552,70,83,2110149,88870
35,105,904,3616,0,16,10548,90400
3,9,68,272,60,6,1800918,6860
90,270,689,2756,29,83,897249,68929
30,90,462,1848,81,74,2439222,46281
73,219,378,1512,9,13,291939,37809
54,162,103,412,99,68,2986404,10399
31,93,798,3192,61,24,1839372,79861
95,285,574,2296,92,26,2788578,57492
94,282,678,2712,9,69,298407,67809
55,165,968,3872,94,11,2836533,96894
74,222,684,2736,80,79,2422437,68480
61,183,275,1100,57,4,1728312,27557
90,270,104,416,39,16,1197048,10439
11,33,586,2344,46,47,1383441,58646
68,204,923,3692,92,83,2780649,92392
87,261,465,1860,0,28,26184,46500
44,132,538,2152,31,99,943497,53831
21,63,224,896,25,1,756303,22425
85,255,35,140,89,87,2695761,3589
47,141,367,1468,58,86,1754358,36758
87,261,381,1524,86,66,2606298,38186
14,42,279,1116,6,64,184392,27906
25,75,129,516,86,6,2587518,12986
19,57,174,696,98,33,2945799,17498
1,3,131,524,14,24,420372,13114
7,21,121,484,14,80,422340,12114
1,3,80,320,52,45,1560435,8052
50,150,459,1836,17,59,525177,45917
11,33,794,3176,34,96,1023588,79434
42,126,963,3852,76,71,2292813,96376
49,147,84,336,15,99,464997,8415
37,111,2,8,36,37,1091211,236
56,168,90,360,50,41,1516923,9050
82,246,969,3876,74,49,2244747,96974
84,252,139,556,25,65,775395,13925
50,150,44,176,59,73,1785219,4459
62,186,562,2248,59,92,1788876,56259
23,69,945,3780,57,50,1717050,94557
66,198,887,3548,68,34,2059902,88768
50,150,898,3592,7,13,225039,89807
67,201,919,3676,31,28,950184,91931
85,255,774,3096,92,51,2785653,77492
10,30,510,2040,9,5,273015,51009
4,12,18,72,51,38,1531314,1851
36,108,670,2680,90,70,2711010,67090
26,78,767,3068,21,97,638091,76721
17,51,996,3984,87,29,2615187,99687
87,261,457,1828,60,82,1826346,45760
2,6,436,1744,18,27,540681,43618
11,33,543,2172,92,94,2763582,54392
77,231,764,3056,47,24,1433172,76447
14,42,267,1068,6,17,184251,26706
91,273,547,2188,58,59,1767477,54758
77,231,334,1336,48,28,1463184,33448
81,243,697,2788,28,23,864369,69728
54,162,703,2812,75,18,2266254,70375
57,171,614,2456,44,76,1337328,61444
17,51,375,1500,5,63,155289,37505
33,99,243,972,92,85,2770155,24392
32,96,719,2876,96,93,2889879,71996
69,207,920,3680,48,59,1460877,92048
59,177,748,2992,31,81,947943,74831
86,258,215,860,48,87,1466061,21548
83,249,503,2012,19,28,594984,50319
0,0,762,3048,95,89,2850267,76295
44,132,808,3232,82,1,2473203,80882
53,159,23,92,33,32,1005996,2333
41,123,427,1708,5,27,162381,42705
83,249,922,3688,37,45,1135035,92237
69,207,235,940,11,86,350958,23511
87,261,844,3376,4,56,146268,84404
50,150,918,3672,43,39,1305117,91843
66,198,243,972,18,35,559905,24318
13,39,251,1004,58,72,1744116,25158
39,117,48,192,24,82,731946,4824
34,102,744,2976,42,82,1270446,74442
9,27,602,2408,71,32,2132796,60271
89,267,401,1604,96,19,2906757,40196
5,15,248,992,4,29,121587,24804
5,15,513,2052,2,32,61596,51302
71,213,159,636,93,86,2811558,15993
43,129,530,2120,71,47,2143041,53071
81,243,368,1472,57,90,1734570,36857
87,261,132,528,70,64,2126292,13270
38,114,524,2096,93,94,2801682,52493
94,282,512,2048,25,38,778314,51225
6,18,17,68,4,92,122076,1704
58,174,54,216,14,30,437490,5414
89,267,881,3524,39,13,1196739,88139
27,81,49,196,5,9,158127,4905
36,108,400,1600,62,17,1870851,40062
93,279,830,3320,55,52,1678056,83055
10,30,169,676,93,22,2793066,16993
72,216,246,984,42,97,1281891,24642
50,150,929,3716,86,85,2595255,92986
84,252,79,316,68,51,2065353,7968
91,273,838,3352,84,32,2547396,83884
28,84,982,3928,57,73,1718619,98257
42,126,35,140,67,3,2022609,3567
55,165,484,1936,5,24,166572,48405
76,228,955,3820,25,0,772800,95525
39,117,164,656,64,92,1931976,16464
81,243,764,3056,62,39,1884417,76462
47,141,332,1328,13,95,404385,33213
75,225,867,3468,35,93,1072779,86735
56,168,103,412,13,24,406872,10313
85,255,784,3136,72,93,2185779,78472
1,3,775,3100,66,71,1980513,77566
63,189,445,1780,52,55,1579065,44552
29,87,889,3556,44,50,1328850,88944
55,165,621,2484,73,71,2206713,62173
16,48,680,2720,52,42,1564926,68052
64,192,955,3820,17,8,529224,95517
91,273,538,2152,15,75,477525,53815
94,282,706,2824,32,82,988446,70632
75,225,75,300,99,94,2992782,7599
1,3,410,1640,37,32,1110396,41037
68,204,766,3064,82,27,2480481,76682
7,21,920,3680,91,18,2732154,92091
35,105,201,804,23,76,700728,20123
20,60,860,3440,11,8,336024,86011
3,9,645,2580,31,84,931152,64531
29,87,889,3556,68,19,2048757,88968
92,276,970,3880,29,68,897804,97029
56,168,763,3052,95,59,2866977,76395
80,240,233,932,62,50,1884150,23362
1,3,56,224,7,85,210555,5607
9,27,210,840,68,7,2042721,21068
50,150,128,512,87,28,2625084,12887
6,18,958,3832,84,24,2521872,95884
17,51,728,2912,85,84,2555352,72885
19,57,32,128,14,5,425715,3214
4,12,661,2644,13,82,391446,66113
34,102,141,564,3,50,100350,14103
53,159,753,3012,54,73,1636119,75354
92,276,395,1580,59,9,1797627,39559
26,78,358,1432,17,79,518037,35817
4,12,633,2532,0,25,1275,63300
55,165,599,2396,74,84,2236752,59974
4,12,142,568,78,1,2341203,14278
73,219,942,3768,43,95,1312185,94243
46,138,846,3384,90,22,2713866,84690
45,135,68,272,45,51,1363653,6845
2,6,797,3188,53,81,1590843,79753
93,279,728,2912,41,74,1258122,72841
64,192,447,1788,49,47,1489341,44749
53,159,865,3460,59,50,1786050,86559
17,51,849,3396,31,23,935169,84931
50,150,573,2292,68,97,2055291,57368
17,51,496,1984,66,51,1985253,49666
5,15,320,1280,4,75,121725,32004
61,183,681,2724,85,5,2568315,68185
77,231,757,3028,62,49,1883247,75762
16,48,731,2924,17,37,514911,73117
3,9,972,3888,67,96,2011188,97267
47,141,954,3816,73,30,2204190,95473
59,177,273,1092,61,71,1847913,27361
85,255,935,3740,39,35,1195605,93539
96,288,973,3892,46,19,1408857,97346
46,138,96,384,85,94,2564082,9685
67,201,95,380,39,10,1190130,9539
3,9,334,1336,42,91,1261173,33442
11,33,886,3544,25,6,753318,88625
33,99,61,244,7,33,219999,6107
10,30,238,952,90,15,2703045,23890
62,186,557,2228,88,94,2658882,55788
51,153,457,1828,73,55,2205465,45773
47,141,386,1544,92,14,2774142,38692
4,12,868,3472,60,24,1801272,86860
18,54,442,1768,15,16,455448,44215
24,72,605,2420,46,18,1387254,60546
1,3,981,3924,56,16,1680348,98156
45,135,877,3508,0,71,13713,87700
83,249,873,3492,34,91,1045173,87334
35,105,389,1556,97,73,2920719,38997
93,279,266,1064,98,51,2968053,26698
80,240,431,1724,64,12,1944036,43164
31,93,504,2016,53,71,1599513,50453
78,234,324,1296,20,3,623409,32420
83,249,380,1520,1,92,55176,38001
68,204,883,3532,20,44,620532,88320
70,210,781,3124,2,66,81198,78102
0,0,903,3612,16,49,480147,90316
3,9,982,3928,76,68,2281104,98276
30,90,438,1752,14,39,429117,43814
83,249,244,976,61,24,1854972,24461
96,288,843,3372,65,41,1978923,84365
54,162,774,3096,86,74,2596422,77486
78,234,696,2784,4,97,143691,69604
72,216,22,88,77,10,2331630,2277
61,183,832,3328,85,95,2568585,83285
38,114,33,132,72,55,2171565,3372
86,258,251,1004,70,37,2125911,25170
69,207,774,3096,97,90,2930970,77497
76,228,221,884,45,89,1373067,22145
84,252,901,3604,5,56,175368,90105
48,144,464,1856,55,22,1664466,46455
62,186,717,2868,82,29,2478687,71782
53,159,909,3636,25,58,766074,90925
74,222,843,3372,19,77,592431,84319
83,249,206,824,37,38,1135014,20637
25,75,265,1060,81,40,2437620,26581
81,243,73,292,8,19,264357,7308
89,267,603,2412,52,17,1586751,60352
32,96,3,12,40,36,1209708,340
27,81,250,1000,9,13,278139,25009
76,228,928,3712,2,13,82839,92802
89,267,206,824,97,59,2936877,20697
2,6,439,1756,24,33,720699,43924
8,24,790,3160,79,99,2372697,79079
34,102,724,2896,73,10,2200230,72473
51,153,702,2808,93,92,2805576,70293
37,111,182,728,57,97,1721391,18257
34,102,686,2744,44,84,1330452,68644
23,69,670,2680,42,30,1266990,67042
97,291,688,2752,44,49,1349247,68844
19,57,886,3544,9,99,275997,88609
71,213,416,1664,50,49,1521447,41650
71,213,84,336,68,8,2061324,8468
56,168,61,244,67,58,2026974,6167
94,282,2,8,69,35,2098305,269
96,288,918,3672,82,89,2489067,91882
13,39,168,672,7,62,214086,16807
93,279,502,2008,39,95,1198185,50239
24,72,533,2132,80,7,2407221,53380
30,90,239,956,81,13,2439039,23981
23,69,68,272,2,81,67143,6802
72,216,823,3292,5,75,171825,82305
35,105,778,3112,15,92,460776,77815
18,54,677,2708,50,15,1505445,67750
84,252,77,308,4,93,145479,7704
19,57,557,2228,41,38,1235814,55741
83,249,531,2124,32,81,985143,53132
31,93,367,1468,54,91,1629573,36754
97,291,973,3892,2,35,89205,97302
57,171,730,2920,35,55,1067265,73035
68,204,807,3228,58,5,1760415,80758
44,132,472,1888,71,35,2143305,47271
8,24,36,144,40,24,1202472,3640
47,141,529,2116,87,82,2624346,52987
13,39,481,1924,73,97,2194191,48173
37,111,448,1792,12,99,371397,44812
9,27,401,1604,55,93,1652979,40155
2,6,558,2232,63,99,1890897,55863
96,288,814,3256,96,77,2909031,81496
77,231,490,1960,68,16,2063148,49068
0,0,700,2800,56,20,1680060,70056
76,228,872,3488,86,72,2603016,87286
74,222,206,824,29,28,892284,20629
25,75,846,3384,10,91,307773,84610
86,258,512,2048,6,71,206013,51206
55,165,321,1284,36,64,1096692,32136
77,231,734,2936,2,21,83163,73402
48,144,192,768,87,20,2624460,19287
84,252,991,3964,60,38,1825314,99160
70,210,845,3380,5,60,171180,84505
11,33,460,1840,83,40,2493420,46083
91,273,825,3300,40,32,1227396,82540
39,117,533,2132,7,82,221946,53307
46,138,970,3880,17,76,524028,97017
96,288,892,3568,76,12,2308836,89276
90,270,940,3760,11,76,357228,94011
89,267,848,3392,17,43,536829,84817
47,141,648,2592,85,38,2564214,64885
62,186,123,492,50,67,1518801,12350
26,78,148,592,31,71,938013,14831
78,234,663,2652,96,2,2903406,66396
59,177,417,1668,46,35,1397805,41746
70,210,49,196,81,63,2451189,4981
73,219,252,1008,27,35,832005,25227
67,201,450,1800,99,64,2990292,45099
21,63,939,3756,65,66,1956498,93965
70,210,635,2540,65,82,1971246,63565
88,264,991,3964,86,15,2606445,99186
76,228,923,3692,69,34,2092902,92369
43,129,259,1036,81,14,2442942,25981
13,39,89,356,89,40,2674020,8989
40,120,690,2760,9,99,282297,69009
28,84,851,3404,43,21,1298463,85143
12,36,628,2512,18,98,543894,62818
38,114,853,3412,74,79,2231637,85374
12,36,967,3868,61,11,1833633,96761
20,60,334,1336,8,64,246192,33408
70,210,769,3076,4,55,141165,76904
44,132,332,1328,33,20,1003260,33233
58,174,699,2796,2,45,77535,69902
66,198,155,620,8,88,260064,15508
40,120,360,1440,47,97,1422291,36047
66,198,441,1764,87,37,2629911,44187
55,165,691,2764,88,62,2656686,69188
46,138,806,3224,63,20,1903860,80663
24,72,664,2656,3,38,97314,66403
52,156,23,92,55,35,1665705,2355
79,237,226,904,37,64,1133892,22637
68,204,352,1408,52,6,1580418,35252
30,90,724,2896,41,19,1239057,72441
80,240,150,600,89,81,2694243,15089
74,222,71,284,72,30,2182290,7172
4,12,968,3872,55,16,1651248,96855
26,78,968,3872,73,48,2197944,96873
36,108,690,2760,90,25,2710875,69090
58,174,285,1140,40,83,1217649,28540
43,129,147,588,14,30,432990,14714
7,21,628,2512,89,26,2672178,62889
83,249,871,3484,17,9,534927,87117
88,264,994,3976,69,98,2096694,99469
62,186,945,3780,48,4,1458612,94548
8,24,599,2396,72,84,2162652,59972
9,27,593,2372,38,37,1142811,59338
72,216,461,1844,48,1,1461603,46148
23,69,289,1156,78,83,2347149,28978
35,105,846,3384,46,22,1390566,84646
65,195,171,684,64,84,1939752,17164
83,249,274,1096,57,45,1735035,27457
19,57,224,896,51,77,1535931,22451
46,138,421,1684,58,52,1753956,42158
85,255,813,3252,23,64,715692,81323
69,207,440,1760,41,31,1250793,44041
84,252,61,244,23,81,715443,6123
2,6,901,3604,49,58,1470774,90149
39,117,234,936,94,14,2831742,23494
20,60,597,2388,0,65,6195,59700
79,237,80,320,53,11,1613733,8053
51,153,96,384,93,50,2805450,9693
79,237,354,1416,20,49,623847,35420
33,99,705,2820,99,58,2980074,70599
37,111,27,108,16,45,491235,2716
72,216,649,2596,57,0,1731600,64957
62,186,597,2388,64,1,1938603,59764
2,6,200,800,34,26,1020678,20034
96,288,872,3488,92,97,2789091,87292
19,57,487,1948,24,74,725922,48724
37,111,729,2916,73,8,2201124,72973
47,141,180,720,51,12,1544136,18051
78,234,181,724,98,99,2963697,18198
35,105,116,464,99,83,2980749,11699
90,270,741,2964,14,89,447267,74114
13,39,866,3464,69,85,2074155,86669
41,123,356,1424,73,34,2202402,35673
8,24,705,2820,26,49,782547,70526
34,102,645,2580,55,53,1660359,64555
42,126,964,3856,48,14,1452642,96448
82,246,495,1980,16,25,504675,49516
9,27,900,3600,85,76,2552928,90085
27,81,88,352,38,58,1148274,8838
44,132,864,3456,72,9,2173227,86472
74,222,244,976,87,25,2632275,24487
69,207,542,2168,5,21,170763,54205
37,111,856,3424,59,84,1781352,85659
9,27,935,3740,44,41,1322823,93544
65,195,421,1684,38,91,1159773,42138
2,6,350,1400,8,64,240792,35008
44,132,489,1956,50,34,1513302,48950
64,192,137,548,92,79,2779437,13792
50,150,706,2824,81,32,2445096,70681
30,90,634,2536,17,62,519186,63417
35,105,573,2292,73,37,2200611,57373
20,60,758,3032,71,68,2136204,75871
59,177,858,3432,74,3,2237709,85874
98,294,615,2460,12,94,389682,61512
24,72,103,412,59,51,1777353,10359
95,285,664,2656,3,95,118785,66403
84,252,55,220,52,86,1585458,5552
95,285,23,92,29,77,898731,2329
10,30,598,2392,97,55,2913165,59897
91,273,296,1184,73,49,2217447,29673
74,222,920,3680,55,14,1672242,92055
58,174,875,3500,43,24,1307472,87543
58,174,219,876,35,76,1067628,21935
78,234,383,1532,33,52,1013556,38333
20,60,741,2964,99,42,2976126,74199
38,114,649,2596,79,65,2381595,64979
74,222,302,1208,7,71,232413,30207
27,81,575,2300,49,94,1478382,57549
40,120,725,2900,34,43,1032129,72534
67,201,728,2912,84,97,2540391,72884
92,276,421,1684,71,97,2157891,42171
53,159,664,2656,17,63,526089,66417
36,108,923,3692,20,80,611040,92320
23,69,498,1992,99,93,2977179,49899
27,81,717,2868,87,77,2618331,71787
26,78,615,2460,28,68,848004,61528
49,147,490,1960,50,72,1514916,49050
85,255,609,2436,74,70,2245710,60974
78,234,670,2680,65,78,1973634,67065
94,282,964,3856,69,21,2098263,96469
96,288,198,792,53,45,1618935,19853
95,285,518,2072,47,41,1438623,51847
16,48,105,420,22,15,664845,10522
95,285,988,3952,83,96,2518788,98883
39,117,445,1780,51,94,1541982,44551
2,6,534,2136,99,23,2970669,53499
45,135,428,1712,73,67,2203701,42873
59,177,191,764,42,23,1277769,19142
54,162,124,496,43,85,1306455,12443
84,252,798,3192,88,74,2665422,79888
15,45,769,3076,36,47,1084641,76936
4,12,674,2696,1,52,31356,67401
92,276,510,2040,23,98,717894,51023
88,264,705,2820,28,9,866427,70528
63,189,331,1324,27,42,829026,33127
7,21,384,1536,53,23,1592169,38453
86,258,306,1224,54,39,1645917,30654
97,291,607,2428,19,9,599127,60719
19,57,123,492,39,44,1175832,12339
75,225,117,468,40,24,1222572,11740
96,288,851,3404,10,37,328911,85110
28,84,521,2084,48,56,1448568,52148
68,204,873,3492,65,50,1970550,87365
7,21,971,3884,70,10,2102130,97170
25,75,181,724,48,1,1447503,18148
88,264,530,2120,36,73,1106619,53036
90,270,317,1268,85,70,2577210,31785
28,84,129,516,61,32,1838496,12961
32,96,838,3352,92,15,2769645,83892
56,168,72,288,13,72,407016,7213
6,18,431,1724,96,77,2882031,43196
38,114,337,1348,30,18,911454,33730
12,36,762,3048,98,7,2943621,76298
7,21,628,2512,4,72,122316,62804
86,258,877,3508,99,32,2995896,87799
60,180,209,836,39,70,1188210,20939
12,36,859,3436,36,9,1083627,85936
85,255,110,440,60,78,1825734,11060
78,234,685,2740,53,4,1613412,68553
23,69,340,1360,43,68,1297104,34043
35,105,849,3396,8,83,250749,84908
23,69,373,1492,51,36,1537008,37351
38,114,219,876,42,96,1271688,21942
28,84,106,424,58,3,1748409,10658
63,189,941,3764,53,13,1608939,94153
46,138,662,2648,22,34,673902,66222
48,144,525,2100,78,40,2354520,52578
9,27,774,3096,4,66,122898,77404
78,234,491,1964,42,93,1283679,49142
10,30,699,2796,27,44,813132,69927
3,9,636,2544,55,51,1651053,63655
71,213,630,2520,91,49,2751447,63091
7,21,217,868,92,51,2762253,21792
77,231,494,1976,92,61,2783283,49492
67,201,964,3856,58,45,1760235,96458
0,0,609,2436,94,36,2820108,60994
79,237,402,1608,97,78,2933934,40297
53,159,822,3288,37,63,1126089,82237
77,231,383,1532,57,92,1733376,38357
23,69,876,3504,43,13,1296939,87643
7,21,575,2300,32,84,962352,57532
72,216,458,1832,17,66,531798,45817
1,3,246,984,67,76,2010528,24667
86,258,110,440,82,80,2486040,11082
81,243,536,2144,91,99,2754597,53691
21,63,556,2224,2,30,66390,55602
91,273,553,2212,0,72,27516,55300
13,39,917,3668,20,88,604164,91720
83,249,22,88,30,8,924924,2230
25,75,72,288,10,51,307653,7210
48,144,337,1348,62,66,1874598,33762
44,132,504,2016,17,4,523212,50417
19,57,692,2768,3,97,95991,69203
1,3,252,1008,82,88,2460564,25282
66,198,355,1420,75,45,2269935,35575
65,195,295,1180,89,47,2689641,29589
6,18,214,856,84,26,2521878,21484
85,255,58,232,97,96,2935788,5897
70,210,599,2396,44,10,1341030,59944
3,9,592,2368,81,24,2430972,59281
57,171,666,2664,15,96,467388,66615
98,294,917,3668,24,87,749661,91724
35,105,873,3492,8,42,250626,87308
48,144,604,2416,73,78,2204634,60473
40,120,782,3128,58,1,1752003,78258
46,138,889,3556,64,24,1933872,88964
52,156,639,2556,36,93,1095879,63936
56,168,537,2148,24,99,737097,53724
6,18,897,3588,92,86,2762058,89792
6,18,431,1724,19,78,572034,43119
71,213,75,300,66,34,2001402,7566
96,288,937,3748,22,86,689058,93722
55,165,894,3576,26,50,796650,89426
97,291,975,3900,40,85,1229355,97540
81,243,475,1900,66,66,2004498,47566
75,225,971,3884,53,57,1612671,97153
91,273,814,3256,62,23,1887369,81462
15,45,694,2776,4,75,124725,69404
41,123,302,1208,97,14,2922342,30297
93,279,129,516,62,1,1887903,12962
97,291,164,656,71,63,2159289,16471
62,186,938,3752,81,39,2448717,93881
13,39,272,1088,78,70,2344110,27278
90,270,442,1768,16,45,507135,44216
19,57,46,184,95,65,2855895,4695
29,87,580,2320,21,40,638820,58021
64,192,626,2504,50,3,1519209,62650
67,201,698,2792,48,24,1460172,69848
53,159,177,708,89,48,2686044,17789
62,186,534,2136,88,62,2658786,53488
60,180,939,3756,29,99,888297,93929
33,99,407,1628,42,90,1270170,40742
75,225,821,3284,76,96,2302788,82176
41,123,893,3572,12,41,372423,89312
21,63,371,1484,90,94,2706582,37190
70,210,508,2032,82,76,2481228,50882
91,273,51,204,2,79,87537,5102
42,126,969,3876,23,94,702882,96923
94,282,425,1700,0,87,28461,42500
71,213,780,3120,53,40,1611420,78053
67,201,372,1488,81,61,2450283,37281
87,261,587,2348,66,54,2006262,58766
64,192,594,2376,54,25,1639275,59454
22,66,839,3356,28,25,846675,83928
55,165,763,3052,44,63,1336689,76344
9,27,855,3420,20,33,602799,85520
17,51,60,240,83,28,2495184,6083
30,90,673,2692,33,10,999030,67333
27,81,124,496,36,41,1088223,12436
88,264,682,2728,69,83,2096649,68269
74,222,491,1964,15,3,472209,49115
72,216,773,3092,0,56,21768,77300
49,147,62,248,8,18,254754,6208
67,201,485,1940,53,77,1610331,48553
42,126,659,2636,25,20,762660,65925
73,219,443,1772,34,87,1042161,44334
24,72,999,3996,41,49,1237347,99941
55,165,139,556,53,54,1606662,13953
71,213,215,860,12,45,381435,21512
98,294,218,872,60,38,1829514,21860
69,207,686,2744,56,29,1700787,68656
72,216,680,2720,11,40,351720,68011
66,198,352,1408,75,44,2269932,35275
55,165,690,2760,10,32,316596,69010
3,9,182,728,26,33,780999,18226
70,210,668,2672,33,62,1011186,66833
78,234,401,1604,92,21,2783463,40192
25,75,265,1060,72,6,2167518,26572
14,42,840,3360,7,13,214239,84007
43,129,22,88,82,54,2473062,2282
23,69,202,808,46,3,1386909,20246
43,129,193,772,21,43,643029,19321
92,276,761,3044,59,91,1797873,76159
1,3,396,1584,65,84,1950552,39665
87,261,339,1356,70,53,2126259,33970
13,39,95,380,36,60,1084080,9536
37,111,462,1848,13,42,401226,46213
51,153,353,1412,28,48,855444,35328
63,189,603,2412,66,18,1998954,60366
9,27,568,2272,53,83,1592949,56853
88,264,620,2480,63,35,1916505,62063
77,231,496,1984,73,91,2213373,49673
88,264,528,2112,43,87,1316661,52843
13,39,224,896,76,98,2284194,22476
7,21,36,144,1,58,32274,3601
11,33,746,2984,57,97,1713591,74657
44,132,625,2500,68,63,2053389,62568
63,189,163,652,50,4,1518912,16350
15,45,262,1048,2,4,64512,26202
29,87,355,1420,62,50,1868850,35562
6,18,42,168,62,80,1862040,4262
10,30,208,832,8,17,243051,20808
87,261,213,852,6,60,206280,21306
10,30,418,1672,67,35,2013105,41867
76,228,463,1852,94,28,2842884,46394
74,222,674,2696,48,30,1462290,67448
20,60,131,524,37,71,1116213,13137
52,156,456,1824,77,58,2325774,45677
5,15,971,3884,39,35,1171605,97139
86,258,9,36,66,95,2006085,966
13,39,973,3892,11,11,333933,97311
76,228,360,1440,44,61,1342983,36044
51,153,507,2028,59,64,1785492,50759
68,204,465,1860,24,35,740505,46524
32,96,625,2500,78,29,2349687,62578
21,63,600,2400,19,43,576429,60019
71,213,750,3000,65,9,1971327,75065
34,102,433,1732,79,52,2380356,43379
46,138,350,1400,2,47,73941,35002
96,288,288,1152,92,8,2788824,28892
11,33,823,3292,37,43,1113429,82337
16,48,607,2428,31,60,934980,60731
25,75,917,3668,71,19,2137557,91771
70,210,521,2084,95,82,2871246,52195
11,33,558,2232,40,73,1203519,55840
25,75,378,1512,80,67,2407701,37880
56,168,486,1944,22,73,677019,48622
88,264,311,1244,6,76,206628,31106
36,108,346,1384,94,68,2831004,34694
7,21,857,3428,32,47,962241,85732
29,87,549,2196,12,5,368715,54912
68,204,827,3308,21,62,650586,82721
61,183,763,3052,29,11,888333,76329
50,150,235,940,97,84,2925252,23597
83,249,469,1876,73,37,2215011,46973
97,291,154,616,37,26,1139178,15437
17,51,783,3132,38,16,1145148,78338
33,99,494,1976,7,8,219924,49407
1,3,749,2996,11,30,330390,74911
12,36,346,1384,31,26,933678,34631
45,135,826,3304,83,11,2503533,82683
22,66,92,368,24,58,726774,9224
68,204,122,488,43,18,1310454,12243
72,216,87,348,12,70,381810,8712
4,12,459,1836,21,78,631434,45921
94,282,651,2604,7,57,238371,65107
27,81,524,2096,31,9,938127,52431
96,288,121,484,2,95,89085,12102
77,231,236,944,74,81,2243343,23674
27,81,260,1040,16,88,488364,26016
20,60,797,3188,86,14,2586042,79786
94,282,425,1700,29,56,898368,42529
46,138,25,100,84,27,2533881,2584
40,120,39,156,80,73,2412219,3980
0,0,790,3160,4,88,120264,79004
44,132,547,2188,53,28,1603284,54753
10,30,924,3696,78,5,2343015,92478
82,246,45,180,29,27,894681,4529
22,66,820,3280,4,32,126696,82004
68,204,262,1048,53,53,1610559,26253
55,165,655,2620,29,46,886638,65529
82,246,846,3384,70,11,2124633,84670
82,246,194,776,2,22,84666,19402
23,69,26,104,58,80,1747140,2658
36,108,771,3084,1,79,41037,77101
37,111,84,336,15,92,461376,8415
58,174,248,992,33,68,1007604,24833
48,144,90,360,67,25,2024475,9067
25,75,944,3776,80,56,2407668,94480
12,36,583,2332,31,37,933711,58331
88,264,43,172,21,55,656565,4321
95,285,299,1196,72,81,2188743,29972
67,201,981,3924,11,58,350274,98111
40,120,779,3116,27,44,822132,77927
68,204,502,2008,68,20,2060460,50268
75,225,795,3180,32,9,982527,79532
93,279,834,3336,56,34,1708002,83456
13,39,104,416,73,62,2194086,10473
57,171,873,3492,86,32,2597196,87386
27,81,518,2072,88,21,2648163,51888
24,72,939,3756,87,27,2617281,93987
41,123,737,2948,84,22,2532366,73784
54,162,249,996,81,51,2446353,24981
41,123,397,1588,32,8,972324,39732
16,48,400,1600,37,44,1114932,40037
32,96,15,60,47,61,1419783,1547
77,231,944,3776,88,2,2663106,94488
63,189,8,32,16,90,499170,816
51,153,778,3112,55,92,1665576,77855
70,210,15,60,97,73,2931219,1597
43,129,61,244,96,40,2893020,6196
22,66,470,1880,32,8,966624,47032
33,99,735,2940,16,30,489990,73516
17,51,49,196,62,37,1865211,4962
0,0,766,3064,9,46,270138,76609
54,162,602,2408,89,79,2686437,60289
76,228,729,2916,93,87,2813061,72993
91,273,754,3016,96,25,2907375,75496
16,48,188,752,13,66,394998,18813
98,294,216,864,81,85,2459655,21681
12,36,466,1864,88,43,2643729,46688
35,105,205,820,75,31,2260593,20575
99,297,647,2588,40,16,1229748,64740
20,60,217,868,33,59,996177,21733
64,192,420,1680,63,19,1909257,42063
68,204,390,1560,8,29,260487,39008
23,69,643,2572,62,10,1866930,64362
26,78,100,400,27,74,818022,10027
15,45,993,3972,56,72,1684716,99356
90,270,543,2172,92,12,2787036,54392
22,66,322,1288,16,50,486750,32216
62,186,758,3032,68,92,2058876,75868
49,147,742,2968,47,96,1424988,74247
10,30,703,2812,47,61,1413183,70347
65,195,235,940,63,10,1909530,23563
62,186,20,80,83,53,2508759,2083
32,96,492,1968,47,79,1419837,49247
41,123,680,2720,49,13,1482339,68049
44,132,779,3116,48,72,1453416,77948
51,153,510,2040,99,11,2985333,51099
71,213,704,2816,54,42,1641426,70454
31,93,296,1184,82,95,2469585,29682
56,168,474,1896,77,11,2326833,47477
47,141,598,2392,6,58,194274,59806
39,117,890,3560,97,31,2921793,89097
56,168,219,876,72,77,2177031,21972
29,87,457,1828,9,93,278979,45709
67,201,306,1224,31,92,950376,30631
75,225,269,1076,31,4,952512,26931
11,33,694,2776,10,55,303465,69410
66,198,402,1608,12,81,380043,40212
34,102,246,984,14,25,430275,24614
66,198,686,2744,91,25,2749875,68691
53,159,991,3964,89,48,2686044,99189
61,183,727,2908,66,70,1998510,72766
32,96,646,2584,87,13,2619639,64687
63,189,96,384,10,99,319197,9610
45,135,852,3408,32,49,973647,85232
14,42,615,2460,89,57,2674371,61589
13,39,947,3788,32,34,964002,94732
89,267,414,1656,53,43,1616829,41453
54,162,985,3940,50,15,1516245,98550
17,51,909,3636,89,76,2675328,90989
80,240,915,3660,5,64,174192,91505
58,174,26,104,53,11,1607433,2653
17,51,215,860,93,48,2795244,21593
40,120,291,1164,96,80,2892240,29196
22,66,438,1752,96,42,2886726,43896
10,30,501,2004,6,71,183213,50106
70,210,617,2468,14,61,441183,61714
53,159,390,1560,49,4,1485912,39049
76,228,767,3068,7,23,232869,76707
90,270,559,2236,58,94,1767282,55958
41,123,809,3236,84,43,2532429,80984
47,141,707,2828,68,66,2054298,70768
85,255,800,3200,53,18,1615554,80053
34,102,545,2180,0,78,10434,54500
34,102,171,684,32,63,970389,17132
67,201,922,3688,62,3,1880109,92262
32,96,602,2408,45,30,1359690,60245
94,282,528,2112,40,2,1228206,52840
19,57,568,2272,95,54,2855862,56895
18,54,617,2468,60,10,1805430,61760
97,291,451,1804,10,1,329103,45110
36,108,827,3308,43,95,1301085,82743
71,213,638,2552,33,61,1011483,63833
15,45,772,3088,94,70,2824710,77294
57,171,0,0,1,86,47358,1
45,135,0,0,1,6,43518,1
60,180,382,1528,12,68,378204,38212
10,30,803,3212,26,67,783201,80326
30,90,230,920,36,24,1089072,23036
91,273,468,1872,77,84,2337552,46877
53,159,350,1400,23,57,706071,35023
78,234,139,556,47,44,1433532,13947
72,216,4,16,59,77,1791831,459
60,180,449,1796,65,22,1968066,44965
6,18,544,2176,44,48,1321944,54444
2,6,32,128,56,23,1680669,3256
14,42,820,3280,43,68,1294404,82043
55,165,444,1776,74,38,2236614,44474
10,30,403,1612,12,81,363243,40312
86,258,731,2924,92,61,2785983,73192
70,210,665,2660,75,79,2271237,66575
1,3,934,3736,36,21,1080363,93436
26,78,993,3972,7,30,217890,99307
7,21,880,3520,25,2,752106,88025
53,159,19,76,58,12,1755936,1958
83,249,706,2824,99,15,2994945,70699
75,225,90,360,12,34,382602,9012
58,174,747,2988,48,40,1457520,74748
56,168,521,2084,66,65,1996995,52166
94,282,377,1508,54,12,1648236,37754
9,27,23,92,71,85,2132955,2371
92,276,107,428,25,85,777855,10725
4,12,895,3580,71,74,2131422,89571
99,297,770,3080,88,65,2669895,77088
64,192,673,2692,85,49,2569347,67385
15,45,270,1080,69,54,2074662,27069
3,9,641,2564,71,38,2131014,64171
58,174,860,3440,69,43,2087529,86069
17,51,875,3500,65,13,1955139,87565
71,213,134,536,31,26,951378,13431
97,291,406,1624,18,85,569355,40618
42,126,104,416,49,46,1482738,10449
92,276,317,1268,99,37,2997711,31799
97,291,676,2704,7,12,239136,67607
88,264,681,2724,88,28,2666484,68188
86,258,98,392,90,13,2725839,9890
42,126,179,716,93,25,2802675,17993
61,183,388,1552,76,80,2298540,38876
28,84,820,3280,80,25,2408475,82080
18,54,224,896,29,80,875640,22429
4,12,518,2072,51,61,1531383,51851
44,132,520,2080,22,95,673485,52022
2,6,502,2008,29,14,870642,50229
61,183,926,3704,8,26,258378,92608
42,126,737,2948,56,96,1692888,73756
31,93,961,3844,15,86,459558,96115
71,213,455,1820,87,65,2631495,45587
0,0,576,2304,63,1,1890003,57663
94,282,223,892,48,11,1468233,22348
80,240,442,1768,42,92,1284276,44242
60,180,577,2308,45,18,1368054,57745
79,237,656,2624,61,35,1853805,65661
31,93,620,2480,59,77,1779531,62059
0,0,918,3672,62,51,1860153,91862
62,186,130,520,30,38,918714,13030
26,78,209,836,13,26,397878,20913
65,195,993,3972,86,42,2599626,99386
55,165,869,3476,87,88,2626764,86987
60,180,264,1056,5,86,168258,26405
38,114,373,1492,26,83,791649,37326
2,6,444,1776,85,5,2550615,44485
89,267,82,328,29,53,896859,8229
3,9,724,2896,12,91,361173,72412
75,225,932,3728,81,30,2452590,93281
36,108,935,3740,85,94,2561082,93585
97,291,112,448,12,30,389190,11212
87,261,242,968,65,32,1976196,24265
38,114,101,404,21,65,641595,10121
23,69,56,224,14,34,427002,5614
42,126,61,244,58,96,1752888,6158
81,243,655,2620,46,79,1404537,65546
50,150,633,2532,16,50,495150,63316
90,270,505,2020,81,32,2457096,50581
67,201,870,3480,32,83,980349,87032
4,12,445,1780,15,20,451260,44515
56,168,597,2388,76,14,2296842,59776
87,261,377,1508,39,8,1196124,37739
61,183,229,916,42,61,1278483,22942
58,174,636,2544,68,35,2057505,63668
85,255,400,1600,49,45,1495635,40049
59,177,419,1676,86,27,2597781,41986
24,72,680,2720,79,3,2377209,68079
48,144,617,2468,8,63,254589,61708
22,66,13,52,57,2,1716606,1357
8,24,438,1752,61,50,1832550,43861
73,219,715,2860,39,86,1192158,71539
89,267,964,3856,8,96,266988,96408
33,99,731,2924,47,19,1419957,73147
43,129,21,84,42,10,1272930,2142
39,117,144,576,65,27,1961781,14465
90,270,277,1108,89,61,2697183,27789
6,18,970,3880,14,25,421875,97014
17,51,648,2592,70,28,2105184,64870
45,135,733,2932,56,79,1693737,73356
43,129,918,3672,84,56,2533068,91884
54,162,143,572,4,20,136260,14304
59,177,619,2476,72,85,2177955,61972
85,255,734,2936,2,8,85524,73402
43,129,391,1564,92,58,2773074,39192
17,51,555,2220,80,30,2405190,55580
20,60,94,376,58,65,1746195,9458
88,264,604,2416,59,57,1796571,60459
8,24,30,120,42,98,1262694,3042
66,198,48,192,75,80,2270040,4875
57,171,205,820,42,7,1277121,20542
72,216,53,212,14,91,441873,5314
24,72,70,280,2,42,67326,7002
41,123,285,1140,1,53,42459,28501
91,273,696,2784,67,32,2037396,69667
82,246,509,2036,98,13,2964639,50998
83,249,274,1096,57,57,1735071,27457
1,3,316,1264,90,70,2700510,31690
22,66,126,504,19,24,576672,12619
75,225,597,2388,80,9,2422527,59780
91,273,434,1736,1,31,57393,43401
98,294,761,3044,91,14,2759442,76191
47,141,702,2808,2,88,74364,70202
12,36,634,2536,58,84,1743852,63458
84,252,301,1204,84,81,2545443,30184
62,186,37,148,38,3,1158609,3738
31,93,318,1272,76,71,2289513,31876
40,120,833,3332,99,82,2982246,83399
79,237,191,764,76,51,2303853,19176
59,177,123,492,29,74,887922,12329
50,150,264,1056,43,90,1305270,26443
69,207,648,2592,59,10,1790730,64859
4,12,750,3000,88,64,2641392,75088
87,261,817,3268,93,47,2816241,81793
76,228,314,1256,48,6,1462818,31448
81,243,992,3968,67,41,2034423,99267
41,123,472,1888,61,93,1842579,47261
19,57,59,236,68,19,2045757,5968
33,99,125,500,26,60,790080,12526
64,192,577,2308,4,89,139467,57704
33,99,207,828,48,16,1449948,20748
53,159,500,2000,15,85,466155,50015
81,243,361,1444,87,75,2634525,36187
80,240,805,3220,63,44,1914132,80563
1,3,361,1444,58,43,1740429,36158
19,57,294,1176,92,10,2765730,29492
87,261,463,1852,76,58,2306274,46376
17,51,401,1604,11,97,335391,40111
77,231,177,708,2,28,83184,17702
23,69,579,2316,52,17,1566951,57952
84,252,319,1276,50,54,1525362,31950
41,123,721,2884,28,70,852510,72128
18,54,690,2760,18,67,545601,69018
8,24,19,76,17,99,512697,1917
51,153,155,620,35,67,1065501,15535
88,264,659,2636,58,39,1766517,65958
61,183,765,3060,67,67,2028501,76567
75,225,185,740,3,83,112749,18503
78,234,276,1104,21,51,653553,27621
73,219,902,3608,29,59,892077,90229
15,45,928,3712,94,64,2824692,92894
31,93,737,2948,54,29,1629387,73754
80,240,284,1136,30,99,924297,28430
57,171,3,12,22,21,677163,322
84,252,538,2152,34,65,1045395,53834
37,111,387,1548,18,91,551373,38718
66,198,332,1328,11,68,350004,33211
45,135,28,112,95,17,2863551,2895
98,294,469,1876,63,45,1919535,46963
95,285,949,3796,70,13,2128539,94970
41,123,271,1084,75,64,2262492,27175
67,201,619,2476,98,58,2960274,61998
50,150,708,2832,54,43,1635129,70854
36,108,837,3348,7,94,221082,83707
62,186,14,56,83,1,2508603,1483
90,270,254,1016,71,90,2157270,25471
85,255,942,3768,40,7,1225521,94240
96,288,430,1720,18,54,568962,43018
11,33,661,2644,35,71,1053513,66135
80,240,121,484,18,81,564243,12118
54,162,409,1636,26,54,796362,40926
91,273,565,2260,74,5,2247315,56574
66,198,879,3516,72,19,2179857,87972
21,63,43,172,69,71,2076513,4369
94,282,458,1832,93,73,2818419,45893
19,57,108,432,22,52,665856,10822
33,99,222,888,68,95,2050185,22268
73,219,621,2484,18,25,561975,62118
82,246,236,944,25,61,774783,23625
37,111,885,3540,52,47,1571241,88552
83,249,582,2328,6,90,205170,58206
43,129,944,3776,23,17,702951,94423
30,90,583,2332,61,61,1839183,58361
8,24,754,3016,71,91,2132673,75471
1,3,683,2732,60,86,1800558,68360
55,165,982,3928,63,0,1906500,98263
78,234,92,368,89,49,2693547,9289
20,60,404,1616,86,49,2586147,40486
20,60,584,2336,76,61,2286183,58476
93,279,147,588,22,16,687948,14722
22,66,543,2172,59,74,1776822,54359
96,288,298,1192,74,55,2248965,29874
90,270,793,3172,10,45,327135,79310
6,18,916,3664,13,42,391926,91613
11,33,76,304,86,91,2583573,7686
16,48,564,2256,22,54,664962,56422
55,165,803,3212,66,64,1996692,80366
82,246,759,3036,27,70,834810,75927
38,114,845,3380,7,70,221610,84507
84,252,471,1884,6,48,205344,47106
9,27,723,2892,7,55,212865,72307
88,264,125,500,49,1,1496403,12549
67,201,290,1160,19,74,590322,29019
99,297,539,2156,42,43,1289829,53942
22,66,213,852,70,61,2106783,21370
35,105,717,2868,31,50,940650,71731
22,66,450,1800,41,36,1236708,45041
60,180,851,3404,97,69,2928207,85197
67,201,543,2172,57,35,1730205,54357
51,153,826,3304,26,17,795351,82626
82,246,690,2760,41,43,1254729,69041
97,291,900,3600,9,34,299202,90009
56,168,61,244,23,6,706818,6123
65,195,15,60,44,40,1339620,1544
69,207,124,496,72,53,2180859,12472
28,84,89,356,16,91,488673,8916
14,42,350,1400,15,80,454440,35015
80,240,385,1540,89,71,2694213,38589
96,288,243,972,7,7,238821,24307
90,270,309,1236,74,1,2247003,30974
2,6,278,1112,45,15,1350645,27845
14,42,116,464,92,73,2764419,11692
60,180,956,3824,81,97,2448291,95681
46,138,681,2724,74,26,2233878,68174
80,240,174,696,17,35,534105,17417
89,267,730,2920,30,88,926964,73030
23,69,879,3516,75,2,2256906,87975
49,147,536,2144,70,94,2114982,53670
94,282,433,1732,83,23,2518269,43383
46,138,305,1220,24,78,734034,30524
66,198,206,824,89,89,2690067,20689
84,252,233,932,34,92,1045476,23334
37,111,529,2116,12,82,371346,52912
54,162,716,2864,90,5,2716215,71690
52,156,164,656,71,0,2145600,16471
38,114,580,2320,3,46,101538,58003
12,36,634,2536,70,38,2103714,63470
61,183,821,3284,62,41,1878423,82162
35,105,19,76,63,64,1900692,1963
24,72,808,3232,88,11,2647233,80888
22,66,973,3892,16,20,486660,97316
3,9,424,1696,83,2,2490906,42483
95,285,288,1152,50,62,1528686,28850
99,297,179,716,71,61,2159883,17971
19,57,600,2400,74,29,2225787,60074
16,48,330,1320,61,36,1834908,33061
26,78,159,636,67,41,2017923,15967
45,135,387,1548,88,94,2653782,38788
15,45,924,3696,52,73,1564719,92452
32,96,483,1932,74,2,2229606,48374
94,282,383,1532,50,68,1528404,38350
58,174,892,3568,8,6,257418,89208
16,48,991,3964,38,43,1144929,99138
91,273,97,388,10,82,327546,9710
67,201,917,3668,33,45,1010235,91733
40,120,410,1640,18,1,552003,41018
90,270,643,2572,59,93,1797279,64359
62,186,102,408,70,84,2118852,10270
79,237,708,2832,13,62,413886,70813
46,138,729,2916,55,57,1663971,72955
94,282,208,832,46,9,1408227,20846
44,132,108,432,74,36,2233308,10874
13,39,641,2564,34,7,1023921,64134
62,186,730,2920,36,84,1098852,73036
48,144,942,3768,50,59,1514577,94250
14,42,976,3904,16,45,484335,97616
26,78,704,2816,62,77,1868031,70462
91,273,656,2624,49,20,1497360,65649
11,33,213,852,32,80,963540,21332
17,51,364,1456,15,98,455394,36415
89,267,691,2764,61,86,1856958,69161
82,246,811,3244,46,2,1404606,81146
77,231,816,3264,5,38,173214,81605
33,99,880,3520,24,6,729918,88024
24,72,516,2064,48,1,1447203,51648
8,24,492,1968,3,99,92697,49203
62,186,152,608,55,65,1668795,15255
20,60,803,3212,61,5,1836015,80361
54,162,705,2820,52,11,1576233,70552
82,246,570,2280,86,96,2604888,57086
26,78,494,1976,6,81,188043,49406
77,231,933,3732,17,65,533295,93317
86,258,623,2492,86,63,2605989,62386
26,78,67,268,50,9,1507827,6750
56,168,363,1452,62,33,1876899,36362
49,147,944,3776,91,62,2744886,94491
93,279,275,1100,15,6,477918,27515
74,222,302,1208,86,21,2602263,30286
25,75,883,3532,50,73,1507719,88350
99,297,384,1536,85,61,2579883,38485
2,6,413,1652,0,58,774,41300
10,30,240,960,73,36,2193108,24073
7,21,799,3196,61,71,1832313,79961
66,198,8,32,94,86,2840058,894
31,93,102,408,62,89,1869567,10262
69,207,252,1008,30,18,920754,25230
47,141,274,1096,92,15,2774145,27492
14,42,831,3324,37,17,1114251,83137
11,33,764,3056,55,88,1653564,76455
15,45,392,1568,92,14,2764542,39292
87,261,927,3708,10,99,326397,92710
36,108,818,3272,7,35,220905,81807
88,264,635,2540,59,45,1796535,63559
55,165,893,3572,57,69,1726707,89357
96,288,130,520,66,41,2008923,13066
32,96,202,808,98,64,2949792,20298
24,72,655,2620,12,49,367347,65512
33,99,495,1980,30,97,910191,49530
71,213,36,144,28,32,861396,3628
3,9,504,2016,83,3,2490909,50483
41,123,952,3808,87,38,2622414,95287
88,264,525,2100,41,92,1256676,52541
94,282,595,2380,91,84,2758452,59591
13,39,399,1596,40,44,1204032,39940
61,183,405,1620,43,60,1308480,40543
80,240,330,1320,32,2,984006,33032
23,69,633,2532,43,21,1296963,63343
10,30,443,1772,19,54,573162,44319
42,126,748,2992,97,21,2922663,74897
84,252,140,560,13,30,415290,14013
80,240,484,1936,3,57,114171,48403
5,15,472,1888,96,57,2881671,47296
57,171,401,1604,69,11,2087133,40169
90,270,52,208,65,43,1977129,5265
47,141,638,2552,42,65,1274295,63842
13,39,77,308,45,66,1354098,7745
66,198,949,3796,40,13,1219839,94940
0,0,286,1144,36,90,1080270,28636
24,72,822,3288,42,15,1267245,82242
69,207,218,872,52,21,1580763,21852
94,282,530,2120,65,53,1978359,53065
4,12,227,908,86,62,2581386,22786
33,99,280,1120,1,53,40059,28001
37,111,278,1112,38,86,1151358,27838
26,78,660,2640,2,77,68031,66002
84,252,125,500,4,1,145203,12504
14,42,880,3520,43,40,1294320,88043
86,258,173,692,41,48,1255944,17341
38,114,706,2824,81,96,2441688,70681
18,54,730,2920,81,22,2435466,73081
28,84,173,692,18,27,548481,17318
72,216,970,3880,38,10,1161630,97038
68,204,197,788,22,11,680433,19722
1,3,876,3504,15,11,450333,87615
5,15,748,2992,49,90,1471770,74849
80,240,625,2500,19,91,594273,62519
26,78,888,3552,9,63,277989,88809
0,0,367,1468,5,23,150069,36705
90,270,642,2568,68,83,2067249,64268
24,72,304,1216,53,88,1597464,30453
22,66,234,936,45,81,1356843,23445
93,279,980,3920,18,31,567993,98018
72,216,326,1304,68,90,2061870,32668
42,126,109,436,78,47,2352741,10978
84,252,568,2272,86,16,2605248,56886
39,117,965,3860,15,65,461895,96515
64,192,831,3324,24,95,739485,83124
6,18,778,3112,13,66,391998,77813
42,126,951,3804,80,85,2412855,95180
17,51,361,1444,3,93,95379,36103
81,243,794,3176,52,8,1584324,79452
87,261,384,1536,73,33,2216199,38473
31,93,208,832,1,61,39483,20801
83,249,489,1956,26,80,805140,48926
11,33,143,572,9,77,273531,14309
91,273,74,296,80,81,2427543,7480
58,174,213,852,78,35,2357505,21378
27,81,12,48,12,21,368163,1212
58,174,253,1012,56,81,1697643,25356
88,264,195,780,26,74,806622,19526
89,267,227,908,53,4,1616712,22753
82,246,791,3164,21,23,654669,79121
57,171,242,968,66,25,1997175,24266
64,192,129,516,90,30,2719290,12990
77,231,913,3652,6,76,203328,91306
32,96,288,1152,22,80,669840,28822
7,21,152,608,20,66,602298,15220
28,84,131,524,47,71,1418613,13147
6,18,560,2240,78,13,2341839,56078
34,102,148,592,85,67,2560401,14885
59,177,525,2100,15,10,467730,52515
50,150,935,3740,26,89,795267,93526
37,111,499,1996,48,2,1451106,49948
33,99,615,2460,68,32,2049996,61568
19,57,203,812,88,44,2645832,20388
79,237,49,196,22,19,683757,4922
31,93,602,2408,30,33,909399,60230
98,294,667,2668,95,43,2879529,66795
28,84,7,28,5,40,158520,705
70,210,273,1092,12,36,381108,27312
84,252,514,2056,67,93,2035479,51467
29,87,972,3888,67,23,2018769,97267
91,273,149,596,32,81,987543,14932
62,186,659,2636,93,70,2808810,65993
2,6,32,128,97,71,2910813,3297
31,93,627,2508,79,31,2379393,62779
23,69,220,880,11,82,337146,22011
75,225,924,3696,4,39,142617,92404
23,69,917,3668,23,26,696978,91723
6,18,96,384,50,18,1501854,9650
97,291,415,1660,24,94,749382,41524
44,132,442,1768,37,62,1123386,44237
1,3,268,1072,81,36,2430408,26881
76,228,461,1844,34,31,1042893,46134
67,201,364,1456,49,48,1490244,36449
76,228,604,2416,74,91,2243073,60474
15,45,978,3912,10,68,304704,97810
82,246,88,352,87,56,2634768,8887
62,186,992,3968,26,45,798735,99226
96,288,516,2064,47,50,1438950,51647
57,171,630,2520,4,21,137163,63004
8,24,64,256,85,4,2552412,6485
85,255,787,3148,76,71,2305713,78776
34,102,674,2696,22,1,670203,67422
87,261,489,1956,16,49,506247,48916
1,3,35,140,67,71,2010513,3567
0,0,120,480,38,82,1140246,12038
37,111,122,488,7,98,221394,12207
16,48,983,3932,8,62,244986,98308
39,117,503,2012,28,32,851796,50328
89,267,401,1604,45,94,1376982,40145
84,252,416,1664,1,83,55449,41601
74,222,223,892,80,11,2422233,22380
63,189,351,1404,87,67,2629101,35187
51,153,64,256,86,77,2595531,6486
95,285,913,3652,23,86,718758,91323
37,111,720,2880,49,11,1481133,72049
3,9,208,832,1,32,30996,20801
16,48,817,3268,41,25,1234875,81741
85,255,245,980,29,32,895596,24529
22,66,270,1080,92,6,2766618,27092
55,165,659,2636,96,48,2896644,65996
95,285,982,3928,28,48,868644,98228
76,228,99,396,92,44,2782932,9992
49,147,204,816,4,93,134979,20404
85,255,109,436,48,27,1465581,10948
75,225,419,1676,14,90,442770,41914
75,225,949,3796,0,14,22542,94900
52,156,377,1508,94,35,2835705,37794
37,111,412,1648,36,98,1091394,41236
8,24,668,2672,39,83,1172649,66839
1,3,157,628,90,9,2700327,15790
36,108,632,2528,26,68,791004,63226
77,231,628,2512,84,23,2543169,62884
11,33,764,3056,87,46,2613438,76487
30,90,479,1916,97,65,2919195,47997
53,159,787,3148,52,41,1576023,78752
27,81,275,1100,97,17,2918151,27597
25,75,535,2140,43,38,1297614,53543
92,276,937,3748,45,82,1377846,93745
47,141,912,3648,11,72,344316,91211
67,201,400,1600,72,5,2180115,40072
86,258,843,3372,48,91,1466073,84348
0,0,455,1820,42,39,1260117,45542
65,195,535,2140,71,69,2149707,53571
94,282,3,12,84,53,2548359,384
1,3,395,1580,4,3,120309,39504
69,207,563,2252,81,15,2450745,56381
6,18,322,1288,14,82,422046,32214
37,111,384,1536,19,43,581229,38419
64,192,763,3052,3,10,109230,76303
89,267,149,596,49,27,1496781,14949
64,192,175,700,93,92,2809476,17593
7,21,949,3796,15,26,452178,94915
15,45,555,2220,91,99,2734797,55591
87,261,734,2936,0,57,26271,73400
31,93,130,520,95,46,2859438,13095
58,174,989,3956,85,39,2567517,98985
20,60,886,3544,96,28,2886084,88696
39,117,410,1640,5,5,161715,41005
37,111,271,1084,50,86,1511358,27150
47,141,365,1460,77,31,2324193,36577
5,15,27,108,7,36,211608,2707
22,66,278,1112,46,65,1386795,27846
18,54,823,3292,64,69,1925607,82364
43,129,935,3740,4,59,133077,93504
82,246,623,2492,44,59,1344777,62344
76,228,312,1248,58,71,1763013,31258
27,81,617,2468,32,50,968250,61732
1,3,332,1328,19,41,570423,33219
72,216,424,1696,7,30,231690,42407
1,3,182,728,64,80,1920540,18264
99,297,915,3660,44,66,1349898,91544
10,30,871,3484,35,81,1053243,87135
65,195,461,1844,80,16,2419548,46180
64,192,336,1344,91,56,2749368,33691
66,198,545,2180,61,15,1849845,54561
95,285,398,1592,3,3,118509,39803
85,255,981,3924,47,92,1435776,98147
73,219,337,1348,25,59,772077,33725
75,225,605,2420,76,83,2302749,60576
48,144,732,2928,0,75,14625,73200
52,156,565,2260,67,49,2025747,56567
52,156,371,1484,8,14,255642,37108
24,72,944,3776,96,79,2887437,94496
58,174,716,2864,69,9,2087427,71669
36,108,646,2584,43,34,1300902,64643
70,210,155,620,4,7,141021,15504
84,252,704,2816,84,67,2545401,70484
37,111,407,1628,59,10,1781130,40759
51,153,846,3384,92,50,2775450,84692
36,108,628,2512,45,66,1360998,62845
2,6,995,3980,59,76,1770828,99559
19,57,786,3144,75,43,2255829,78675
56,168,902,3608,82,83,2477049,90282
95,285,647,2588,54,40,1648620,64754
82,246,251,1004,98,44,2964732,25198
96,288,969,3876,33,1,1018803,96933
78,234,364,1456,58,46,1763538,36458
69,207,291,1164,10,9,320727,29110
3,9,843,3372,31,68,931104,84331
2,6,248,992,54,9,1620627,24854
13,39,907,3628,61,11,1833933,90761
34,102,624,2496,99,4,2980212,62499
35,105,777,3108,66,56,1990668,77766
44,132,619,2476,38,29,1153287,61938
32,96,288,1152,25,93,759879,28825
58,174,698,2792,59,14,1787442,69859
70,210,756,3024,69,83,2091249,75669
27,81,978,3912,51,38,1538214,97851
77,231,110,440,82,40,2483220,11082
6,18,275,1100,74,64,2221992,27574
98,294,129,516,59,54,1799562,12959
44,132,642,2568,80,56,2413368,64280
85,255,253,1012,88,1,2665503,25388
92,276,417,1668,46,8,1407624,41746
36,108,760,3040,74,55,2230965,76074
2,6,986,3944,32,12,960636,98632
55,165,518,2072,66,3,1996509,51866
50,150,17,68,13,83,405249,1713
61,183,69,276,10,1,318303,6910
80,240,395,1580,23,37,714111,39523
63,189,978,3912,19,56,589068,97819
83,249,939,3756,4,87,145161,93904
94,282,756,3024,23,17,718251,75623
76,228,19,76,47,89,1433067,1947
45,135,268,1072,73,2,2203506,26873
65,195,272,1088,66,36,1999608,27266
69,207,525,2100,17,85,530955,52517
4,12,67,268,9,80,271440,6709
81,243,821,3284,8,54,264462,82108
14,42,465,1860,84,17,2524251,46584
47,141,272,1088,15,8,464124,27215
2,6,726,2904,71,89,2130867,72671
20,60,87,348,12,93,366279,8712
28,84,273,1092,1,11,38433,27301
99,297,771,3084,69,83,2099949,77169
78,234,396,1584,20,68,623604,39620
16,48,884,3536,77,94,2315082,88477
4,12,108,432,28,49,841347,10828
10,30,850,3400,83,95,2493285,85083
66,198,991,3964,10,81,320043,99110
85,255,519,2076,52,71,1585713,51952
17,51,193,772,56,48,1685244,19356
41,123,14,56,92,36,2772408,1492
76,228,396,1584,41,63,1252989,39641
33,99,691,2764,64,4,1929912,69164
72,216,109,436,9,13,291639,10909
3,9,985,3940,40,24,1200972,98540
29,87,214,856,75,52,2258856,21475
47,141,652,2608,97,48,2924244,65297
52,156,522,2088,40,42,1215726,52240
13,39,697,2788,47,91,1414173,69747
66,198,264,1056,32,27,979881,26432
8,24,259,1036,4,21,122463,25904
51,153,143,572,64,50,1935450,14364
72,216,868,3472,69,73,2091819,86869
2,6,145,580,45,89,1350867,14545
36,108,158,632,6,31,190893,15806
87,261,313,1252,66,24,2006172,31366
49,147,971,3884,44,49,1334847,97144
20,60,451,1804,28,85,846255,45128
39,117,423,1692,62,76,1871928,42362
21,63,273,1092,7,65,216495,27307
41,123,50,200,73,69,2202507,5073
98,294,510,2040,53,14,1619442,51053
25,75,52,208,72,84,2167752,5272
71,213,983,3932,54,27,1641381,98354
47,141,495,1980,33,98,1004394,49533
76,228,378,1512,43,63,1312989,37843
99,297,176,704,24,34,749802,17624
97,291,527,2108,29,21,899163,52729
38,114,378,1512,64,91,1931673,37864
62,186,116,464,20,18,618654,11620
72,216,464,1856,50,69,1521807,46450
49,147,754,3016,13,41,404823,75413
55,165,100,400,16,71,496713,10016
1,3,162,648,29,20,870360,16229
61,183,880,3520,31,4,948312,88031
95,285,808,3232,84,58,2548674,80884
86,258,386,1544,10,79,326037,38610
76,228,665,2660,33,44,1012932,66533
70,210,439,1756,44,74,1341222,43944
96,288,412,1648,41,82,1259046,41241
84,252,780,3120,51,89,1555467,78051
95,285,214,856,24,5,748515,21424
12,36,264,1056,43,67,1293801,26443
48,144,432,1728,32,25,974475,43232
90,270,890,3560,42,29,1287087,89042
66,198,979,3916,47,65,1429995,97947
95,285,979,3916,93,67,2818701,97993
39,117,937,3748,76,83,2291949,93776
3,9,711,2844,56,35,1681005,71156
31,93,699,2796,36,11,1089333,69936
44,132,669,2676,50,16,1513248,66950
68,204,389,1556,81,39,2450517,38981
17,51,497,1988,68,36,2045208,49768
5,15,81,324,34,84,1021752,8134
9,27,571,2284,78,51,2342853,57178
42,126,155,620,33,58,1002774,15533
54,162,39,156,17,50,526350,3917
43,129,558,2232,31,66,943098,55831
25,75,388,1552,91,42,2737626,38891
80,240,379,1516,94,14,2844042,37994
53,159,764,3056,20,65,616095,76420
45,135,537,2148,4,33,133599,53704
92,276,576,2304,78,49,2367747,57678
79,237,400,1600,99,6,2993718,40099
75,225,787,3148,50,78,1522734,78750
72,216,691,2764,33,2,1011606,69133
16,48,580,2320,69,62,2074986,58069
68,204,498,1992,64,25,1940475,49864
2,6,68,272,42,63,1260789,6842
37,111,34,136,19,37,581211,3419
48,144,24,96,73,81,2204643,2473
82,246,976,3904,8,45,264735,97608
7,21,302,1208,12,47,362241,30212
6,18,333,1332,63,78,1892034,33363
20,60,938,3752,68,28,2046084,93868
63,189,925,3700,36,10,1098930,92536
67,201,182,728,34,57,1040271,18234
87,261,609,2436,90,98,2726394,60990
88,264,660,2640,97,6,2936418,66097
83,249,89,356,4,71,145113,8904
74,222,423,1692,19,71,592413,42319
95,285,507,2028,70,43,2128629,50770
18,54,188,752,45,90,1355670,18845
82,246,411,1644,12,25,384675,41112
95,285,107,428,53,12,1618536,10753
46,138,422,1688,27,94,824082,42227
40,120,628,2512,45,59,1362177,62845
17,51,501,2004,69,46,2075238,50169
34,102,281,1124,66,25,1990275,28166
6,18,583,2332,31,72,932016,58331
5,15,114,456,23,90,691770,11423
87,261,248,992,2,36,86208,24802
9,27,143,572,50,99,1502997,14350
21,63,478,1912,9,79,276537,47809
37,111,776,3104,58,84,1751352,77658
37,111,113,452,57,87,1721361,11357
77,231,963,3852,3,70,113310,96303
61,183,855,3420,39,98,1188594,85539
45,135,222,888,42,13,1273539,22242
59,177,323,1292,37,27,1127781,32337
92,276,613,2452,63,77,1917831,61363
35,105,57,228,75,10,2260530,5775
67,201,766,3064,50,29,1520187,76650
44,132,581,2324,44,9,1333227,58144
42,126,271,1084,28,54,852762,27128
66,198,62,248,48,3,1459809,6248
26,78,521,2084,28,81,848043,52128
85,255,439,1756,85,24,2575572,43985
51,153,816,3264,34,11,1035333,81634
10,30,323,1292,64,43,1923129,32364
40,120,809,3236,28,4,852012,80928
32,96,561,2244,27,79,819837,56127
17,51,741,2964,9,98,275394,74109
62,186,458,1832,85,77,2568831,45885
48,144,375,1500,82,22,2474466,37582
68,204,564,2256,49,26,1490478,56449
54,162,249,996,60,89,1816467,24960
30,90,717,2868,4,73,129219,71704
29,87,422,1688,16,32,488796,42216
62,186,277,1108,59,41,1788723,27759
7,21,359,1436,7,17,212151,35907
17,51,453,1812,52,98,1565394,45352
96,288,311,1244,70,94,2129082,31170
27,81,949,3796,84,84,2528352,94984
93,279,757,3028,56,92,1708176,75756
5,15,596,2384,67,40,2011620,59667
13,39,895,3580,19,79,574137,89519
12,36,725,2900,87,95,2613885,72587
0,0,844,3376,14,37,420111,84414
63,189,414,1656,23,79,709137,41423
90,270,767,3068,57,43,1737129,76757
92,276,658,2632,42,64,1287792,65842
87,261,942,3768,51,35,1556205,94251
50,150,438,1752,22,76,675228,43822
18,54,474,1896,69,73,2075619,47469
30,90,909,3636,10,64,309192,90910
53,159,487,1948,31,69,946107,48731
59,177,960,3840,6,52,197856,96006
56,168,852,3408,12,50,376950,85212
24,72,718,2872,55,11,1657233,71855
26,78,968,3872,0,37,7911,96800
30,90,682,2728,65,46,1959138,68265
72,216,17,68,5,8,171624,1705
30,90,689,2756,47,43,1419129,68947
56,168,623,2492,50,51,1516953,62350
59,177,952,3808,3,60,107880,95203
80,240,756,3024,92,20,2784060,75692
11,33,72,288,68,70,2043510,7268
50,150,163,652,85,11,2565033,16385
35,105,959,3836,66,52,1990656,95966
8,24,138,552,11,26,332478,13811
71,213,818,3272,37,1,1131303,81837
75,225,199,796,26,17,802551,19926
48,144,289,1156,27,71,824613,28927
95,285,702,2808,9,50,298650,70209
11,33,156,624,43,48,1293444,15643
92,276,485,1940,5,65,177795,48505
90,270,818,3272,40,63,1227189,81840
76,228,982,3928,40,95,1223085,98240
86,258,846,3384,1,24,55872,84601
2,6,598,2392,80,34,2400702,59880
52,156,481,1924,78,34,2355702,48178
96,288,774,3096,62,42,1888926,77462
44,132,41,164,93,93,2803479,4193
25,75,919,3676,79,43,2377629,91979
51,153,618,2472,66,47,1995441,61866
94,282,636,2544,0,99,28497,63600
67,201,646,2584,10,37,320211,64610
26,78,238,952,65,53,1957959,23865
18,54,707,2828,47,44,1415532,70747
91,273,372,1488,74,34,2247402,37274
91,273,434,1736,0,71,27513,43400
82,246,526,2104,10,30,324690,52610
48,144,213,852,69,23,2084469,21369
76,228,557,2228,21,99,653097,55721
14,42,120,480,10,7,304221,12010
46,138,55,220,14,38,433914,5514
81,243,813,3252,40,53,1224459,81340
35,105,459,1836,63,31,1900593,45963
55,165,551,2204,94,77,2836731,55194
5,15,33,132,48,43,1441629,3348
67,201,803,3212,69,24,2090172,80369
40,120,871,3484,76,85,2292255,87176
7,21,701,2804,48,92,1442376,70148
80,240,987,3948,95,58,2874174,98795
87,261,562,2248,5,72,176316,56205
23,69,373,1492,72,98,2167194,37372
93,279,3,12,56,10,1707930,356
76,228,151,604,90,88,2723064,15190
97,291,40,160,71,97,2159391,4071
53,159,836,3344,4,27,135981,83604
23,69,859,3436,26,1,786903,85926
27,81,489,1956,83,21,2498163,48983
54,162,287,1148,43,67,1306401,28743
43,129,868,3472,68,20,2052960,86868
65,195,166,664,75,96,2269788,16675
84,252,513,2052,87,93,2635479,51387
20,60,540,2160,67,34,2016102,54067
67,201,259,1036,43,17,1310151,25943
95,285,98,392,30,95,928785,9830
27,81,605,2420,3,4,98112,60503
86,258,336,1344,80,15,2425845,33680
16,48,816,3264,56,47,1684941,81656
55,165,418,1672,75,64,2266692,41875
86,258,714,2856,20,75,626025,71420
59,177,717,2868,36,91,1097973,71736
89,267,684,2736,70,17,2126751,68470
59,177,280,1120,73,87,2207961,28073
16,48,508,2032,47,39,1414917,50847
19,57,450,1800,6,35,185805,45006
74,222,141,564,75,84,2272452,14175
33,99,776,3104,52,91,1570173,77652
76,228,684,2736,65,68,1973004,68465
43,129,481,1924,24,16,732948,48124
88,264,470,1880,37,21,1136463,47037
79,237,886,3544,70,53,2123859,88670
80,240,698,2792,44,3,1344009,69844
32,96,632,2528,75,92,2259876,63275
90,270,548,2192,60,21,1827063,54860
22,66,323,1292,0,36,6708,32300
91,273,684,2736,72,60,2187480,68472
61,183,199,796,8,57,258471,19908
75,225,402,1608,94,62,2842686,40294
72,216,763,3052,50,62,1521786,76350
41,123,734,2936,88,31,2652393,73488
94,282,184,736,96,61,2908383,18496
83,249,576,2304,49,23,1494969,57649
55,165,426,1704,49,11,1486533,42649
69,207,634,2536,17,60,530880,63417
58,174,421,1684,85,9,2567427,42185
33,99,263,1052,97,36,2920008,26397
47,141,575,2300,45,52,1364256,57545
50,150,458,1832,25,92,765276,45825
18,54,997,3988,57,18,1715454,99757
37,111,57,228,91,79,2741337,5791
10,30,968,3872,52,70,1563210,96852
73,219,164,656,75,38,2272014,16475
26,78,729,2916,4,94,128082,72904
44,132,103,412,3,62,103386,10303
20,60,671,2684,30,39,906117,67130
15,45,246,984,55,3,1654509,24655
12,36,390,1560,1,99,33897,39001
7,21,362,1448,29,83,872349,36229
9,27,757,3028,38,80,1142940,75738
8,24,810,3240,1,58,32574,81001
23,69,890,3560,49,53,1477059,89049
65,195,230,920,46,37,1399611,23046
58,174,341,1364,74,64,2237592,34174
78,234,564,2256,33,24,1013472,56433
99,297,211,844,23,76,719928,21123
32,96,212,848,66,84,1989852,21266
4,12,340,1360,5,56,151368,34005
82,246,186,744,58,22,1764666,18658
50,150,662,2648,77,88,2325264,66277
46,138,144,576,74,15,2233845,14474
66,198,335,1340,70,20,2119860,33570
65,195,643,2572,20,27,619581,64320
83,249,877,3508,86,52,2605056,87786
97,291,187,748,22,48,689244,18722
95,285,141,564,78,0,2368500,14178
59,177,531,2124,76,76,2297928,53176
69,207,140,560,20,86,620958,14020
7,21,322,1288,41,87,1232361,32241
58,174,701,2804,17,87,527661,70117
41,123,390,1560,2,21,72363,39002
32,96,501,2004,95,21,2859663,50195
61,183,30,120,79,31,2388393,3079
84,252,538,2152,60,97,1825491,53860
60,180,452,1808,19,13,588039,45219
79,237,753,3012,87,79,2633937,75387
73,219,501,2004,18,98,562194,50118
17,51,110,440,85,63,2555289,11085
98,294,325,1300,27,13,839439,32527
94,282,49,196,96,52,2908356,4996
27,81,209,836,56,16,1688148,20956
62,186,892,3568,52,0,1578600,89252
6,18,285,1140,61,34,1831902,28561
84,252,965,3860,16,59,505377,96516
38,114,896,3584,56,98,1691694,89656
54,162,114,456,63,45,1906335,11463
54,162,609,2436,82,26,2476278,60982
5,15,900,3600,2,84,61752,90002
5,15,717,2868,43,95,1291785,71743
95,285,742,2968,15,20,478560,74215
3,9,402,1608,30,8,900924,40230
19,57,605,2420,36,1,1085703,60536
40,120,205,820,32,95,972285,20532
21,63,895,3580,0,25,6375,89500
72,216,250,1000,10,45,321735,25010
61,183,725,2900,7,90,228570,72507
54,162,124,496,21,66,646398,12421
28,84,326,1304,71,53,2138559,32671
86,258,933,3732,47,21,1435863,93347
78,234,153,612,95,35,2873505,15395
62,186,785,3140,79,72,2388816,78579
71,213,414,1656,68,60,2061480,41468
15,45,90,360,57,97,1714791,9057
68,204,237,948,30,8,920424,23730
9,27,736,2944,54,19,1622757,73654
49,147,281,1124,75,9,2264727,28175
25,75,490,1960,41,40,1237620,49041
84,252,797,3188,63,22,1915266,79763
1,3,247,988,72,81,2160543,24772
86,258,421,1684,54,95,1646085,42154
86,258,289,1156,68,58,2065974,28968
13,39,428,1712,4,55,124065,42804
32,96,139,556,84,74,2529822,13984
84,252,278,1112,16,67,505401,27816
54,162,619,2476,74,75,2236425,61974
26,78,378,1512,31,25,937875,37831
70,210,196,784,99,32,2991096,19699
60,180,29,116,53,24,1608072,2953
65,195,345,1380,24,19,739557,34524
57,171,650,2600,29,87,887361,65029
11,33,14,56,86,38,2583414,1486
57,171,608,2432,35,74,1067322,60835
25,75,716,2864,36,5,1087515,71636
7,21,868,3472,27,41,812223,86827
8,24,714,2856,83,42,2492526,71483
84,252,307,1228,58,2,1765206,30758
28,84,145,580,50,94,1508682,14550
35,105,672,2688,39,40,1180620,67239
44,132,109,436,89,31,2683293,10989
83,249,391,1564,60,45,1825035,39160
49,147,903,3612,59,36,1784808,90359
9,27,116,464,42,96,1262988,11642
23,69,455,1820,97,9,2916927,45597
58,174,729,2916,9,35,287505,72909
70,210,197,788,49,66,1491198,19749
2,6,183,732,91,41,2730723,18391
5,15,542,2168,72,99,2161797,54272
6,18,741,2964,43,26,1291878,74143
84,252,367,1468,27,14,835242,36727
2,6,606,2424,10,1,300603,60610
54,162,692,2768,13,98,406494,69213
73,219,43,172,14,16,441948,4314
0,0,474,1896,57,93,1710279,47457
38,114,182,728,79,80,2381640,18279
70,210,440,1760,4,67,141201,44004
82,246,171,684,1,21,54663,17101
1,3,966,3864,92,41,2760423,96692
1,3,770,3080,74,39,2220417,77074
29,87,305,1220,35,95,1058985,30535
83,249,221,884,72,37,2185011,22172
92,276,612,2448,69,50,2097750,61269
27,81,766,3064,96,78,2888334,76696
69,207,120,480,31,44,950832,12031
72,216,19,76,39,81,1191843,1939
89,267,921,3684,71,49,2156847,92171
23,69,100,400,93,52,2797056,10093
68,204,478,1912,73,56,2210568,47873
2,6,50,200,31,51,930753,5031
5,15,410,1640,90,13,2701539,41090
98,294,15,60,61,85,1859655,1561
61,183,227,908,11,37,348411,22711
55,165,206,824,55,43,1666629,20655
40,120,680,2720,7,7,222021,68007
89,267,422,1688,21,42,656826,42221
47,141,882,3528,26,24,794172,88226
45,135,901,3604,85,84,2563752,90185
68,204,678,2712,46,8,1400424,67846
91,273,506,2024,50,71,1527513,50650
87,261,649,2596,24,6,746118,64924
69,207,926,3704,91,92,2750976,92691
62,186,345,1380,34,51,1038753,34534
6,18,963,3852,12,26,361878,96312
16,48,637,2548,80,62,2404986,63780
29,87,194,776,59,76,1778928,19459
2,6,240,960,62,14,1860642,24062
28,84,551,2204,72,82,2168646,55172
74,222,462,1848,95,77,2872431,46295
79,237,522,2088,75,26,2273778,52275
35,105,885,3540,62,85,1870755,88562
58,174,51,204,11,91,347673,5111
62,186,616,2464,23,35,708705,61623
12,36,907,3628,61,24,1833672,90761
22,66,738,2952,18,64,546792,73818
36,108,207,828,84,60,2530980,20784
78,234,882,3528,2,23,83469,88202
88,264,143,572,47,96,1436688,14347
39,117,447,1788,6,69,191907,44706
27,81,916,3664,9,73,278319,91609
